Ag10C2F8_407646.cif,3.294992
Ag1Al1Cs1F6_155159.cif,2.143879
Ag1Al1O2_300020.cif,2.884742
Ag1Al1O2_99688.cif,2.390096
Ag1Al1S2_25356.cif,2.835937
Ag1Al1S2_28744.cif,3.055806
Ag1Al1Se2_28745.cif,2.166236
Ag1Al1Te2_28746.cif,1.838293
Ag1As1Ba1_8278.cif,0.520156
Ag1As1Ca1_10017.cif,0.161867
Ag1As1Cs2S4_55368.cif,2.587537
Ag1As1F10Xe2_71119.cif,3.551059
Ag1As1F6Se3_418700.cif,2.687754
Ag1As1Hg1S3_31194.cif,1.97659
Ag1As1Hg2O4_413087.cif,1.692346
Ag1As1K2_1154.cif,1.734808
Ag1As1Na2_49007.cif,1.229253
Ag1As1Pb1S3_26835.cif,1.935167
Ag1As1S1_604740.cif,0.476823
Ag1As1S2_18101.cif,2.332249
Ag1As1Se1_604753.cif,0.077651
Ag1As1Se2_20087.cif,0.324716
Ag1As1Sr1_49742.cif,0.350938
Ag1As3Cu4O12_61036.cif,3.04123
Ag1As3H2O9_172990.cif,2.250247
Ag1Au1Ba4O6_72329.cif,2.980427
Ag1Au1Cl4_1152.cif,2.014716
Ag1Au1Cl6Cs2_26162.cif,1.507505
Ag1Au1F4_90071.cif,2.520362
Ag1Au1Te4_24646.cif,0.021204
Ag1Au2F8_85416.cif,2.060208
Ag1Au3I8Rb2_32031.cif,1.360323
Ag1B3O5_428142.cif,3.945052
Ag1Ba1F1Se1_183714.cif,2.234553
Ag1Ba1F1Te1_419382.cif,2.348404
Ag1Ba1La1Se3_659172.cif,2.326826
Ag1Ba1P1_41706.cif,0.710516
Ag1Ba1S3Sb1_195746.cif,2.064838
Ag1Ba1Sb1_56981.cif,0.519553
Ag1Ba1Se3Y1_104237.cif,2.136067
Ag1Ba1Te3Y1_88717.cif,1.429816
Ag1Ba2In1S4_183654.cif,2.643217
Ag1Bi1Br6Cs2_239875.cif,2.162012
Ag1Bi1Ca1_416283.cif,0.236947
Ag1Bi1Cl2S1_413290.cif,1.995081
Ag1Bi1Cl6Cs2_239874.cif,2.849919
Ag1Bi1Cr2O8_8224.cif,2.357544
Ag1Bi1Cr4O14_14233.cif,3.013278
Ag1Bi1K2_1156.cif,1.203609
Ag1Bi1O8W2_190732.cif,3.797539
Ag1Bi1P2S6_170639.cif,1.97762
Ag1Bi1P2Se6_170640.cif,2.077407
Ag1Bi1S2_44340.cif,1.090961
Ag1Bi1Se2_26518.cif,0.427797
Ag1Bi2Cl1S3_412372.cif,1.484521
Ag1Bi2Cl1Se3_412371.cif,1.103107
Ag1Bi2F12_79879.cif,2.450174
Ag1Bi3S5_171229.cif,1.012792
Ag1Br13Mo6_412903.cif,3.111448
Ag1Br1H3N1_169137.cif,3.95534
Ag1Br1Hg1S1_411773.cif,2.331397
Ag1Br1O1Pb1_33913.cif,1.068393
Ag1Br1_52246.cif,2.013035
Ag1Br2Cs1_150301.cif,3.329072
Ag1Br2Cs1_150302.cif,3.096206
Ag1Br3Cs2_150288.cif,4.042447
Ag1Br3Rb2_150287.cif,3.950965
Ag1Br5Pb2_300100.cif,3.050442
Ag1C1F3O3S1_183643.cif,4.554208
Ag1C1H3N2_169135.cif,3.381309
Ag1C1K1O3_26632.cif,3.740377
Ag1C1N1O1_23832.cif,3.649499
Ag1C1N1O1_23833.cif,4.259021
Ag1C1N1O1_260378.cif,2.543806
Ag1C1N1S1_159137.cif,3.82678
Ag1C1N1S1_201359.cif,3.680051
Ag1C1N1_85783.cif,4.286318
Ag1C1N3O2_408288.cif,3.704054
Ag1C2Cl2F6N2Sb1_64638.cif,4.484769
Ag1C2Cs1_410873.cif,3.472215
Ag1C2H1N2O1Pb1S1_427447.cif,2.160619
Ag1C2K1_410874.cif,3.371901
Ag1C2Li1_410868.cif,2.280355
Ag1C2N2Na1_65697.cif,3.766462
Ag1C2O2_109770.cif,2.428665
Ag1C4Co1O4_31388.cif,3.537611
Ag1C4N3_43823.cif,4.67318
Ag1C5Cs2N5S5Zn1_280771.cif,4.333575
Ag1Ca1P1_10016.cif,0.19187
Ag1Ca1Sb1_56982.cif,0.367644
Ag1Cd1O4V1_401350.cif,3.433337
Ag1Cd2Ga1S4_170108.cif,2.092385
Ag1Cl1O2_16717.cif,2.202747
Ag1Cl1O2_68486.cif,2.182708
Ag1Cl1O3_30227.cif,4.20993
Ag1Cl1O4Pb4_68309.cif,3.194673
Ag1Cl1O4_100280.cif,4.604647
Ag1Cl1O4_185364.cif,4.923812
Ag1Cl1O4_33568.cif,4.446148
Ag1Cl1_56539.cif,2.405207
Ag1Cl1_56541.cif,2.408414
Ag1Cl1_56544.cif,1.824397
Ag1Cl2Cs1_150299.cif,3.729877
Ag1Cl2Cs1_150300.cif,3.657946
Ag1Cl3Cs1_66067.cif,0.021304
Ag1Cl3Rb2_280031.cif,4.404322
Ag1Co1O2_246157.cif,1.440709
Ag1Co1O4P1_100520.cif,3.413494
Ag1Cr1O2_25624.cif,2.899923
Ag1Cr1P2S6_36456.cif,1.938362
Ag1Cr1S2_24797.cif,1.482975
Ag1Cr1Te2_605002.cif,0.193409
Ag1Cr2H4O10Sc1_156676.cif,2.302291
Ag1Cr3O8_155507.cif,1.94489
Ag1Cs1N2O6_280069.cif,4.439147
Ag1Cs1O1_25745.cif,2.74904
Ag1Cs1O1_40160.cif,2.752381
Ag1Cs1O1_49754.cif,2.745141
Ag1Cs1P1Se3_165361.cif,2.313418
Ag1Cs1Se4_87464.cif,2.052412
Ag1Cs2F4_155817.cif,2.345506
Ag1Cs2F6K1_16783.cif,2.764934
Ag1Cs2I3_150291.cif,3.746489
Ag1Cs2Nb1S4_84293.cif,3.142943
Ag1Cs2Nb1Se4_50464.cif,2.645324
Ag1Cs2S4Sb1_55366.cif,2.491449
Ag1Cs2S4Ta1_84296.cif,3.511571
Ag1Cs2S4V1_50460.cif,2.204025
Ag1Cs5O9Si3_51508.cif,4.322567
Ag1Cu1F3_174407.cif,3.753582
Ag1Cu1O4P1_165596.cif,2.157499
Ag1Cu1O4V1_419202.cif,2.666034
Ag1Cu1S1_251148.cif,1.282233
Ag1Cu1S1_30233.cif,1.251828
Ag1Cu1S1_66581.cif,1.399464
Ag1Cu2P1S4_195307.cif,2.390277
Ag1F10P1Xe2_412662.cif,2.044617
Ag1F11Na1Zr2_65179.cif,2.957515
Ag1F11Pd1Zr2_65181.cif,2.780484
Ag1F12Sb2_65186.cif,2.81117
Ag1F12Ta2_62543.cif,2.81117
Ag1F1S1Sr1_183709.cif,2.312078
Ag1F1Se1Sr1_183710.cif,2.039965
Ag1F1Sr1Te1_183711.cif,2.138427
Ag1F1_18008.cif,1.25455
Ag1F3Zn1_28950.cif,3.579519
Ag1F4H8Mn1O4_74965.cif,1.751207
Ag1F4K1_72715.cif,3.719233
Ag1F4K2_421461.cif,2.897303
Ag1F4Na1_9903.cif,3.337537
Ag1F4Na2_425149.cif,2.949394
Ag1F6Pd1_51507.cif,2.197446
Ag1F6Sb1_411795.cif,3.538918
Ag1F6Sn1_51505.cif,2.664888
Ag1F6Ti1_51506.cif,2.322284
Ag1F7Ir1_79880.cif,1.480644
Ag1F9Xe1_67032.cif,3.132798
Ag1Fe1O2_242114.cif,2.241361
Ag1Fe1O2_242115.cif,2.342042
Ag1Fe1O2_2786.cif,2.479446
Ag1Fe1O2_31919.cif,2.255682
Ag1Fe1O6Se2_90414.cif,2.936438
Ag1Fe1O7V2_166891.cif,2.427155
Ag1Fe2Ga1Te4_192470.cif,1.991083
Ag1Fe2S3_165661.cif,0.642846
Ag1Fe2S3_68347.cif,2.184133
Ag1Ga1O2_193540.cif,1.653232
Ag1Ga1P2Se6_71971.cif,1.390136
Ag1Ga1S2_23698.cif,1.985797
Ag1Ga1S2_92052.cif,2.036564
Ag1Ga1Se2_28748.cif,1.236868
Ag1Ga1Te2_28749.cif,0.904909
Ag1Ge1La3S7_605297.cif,2.888123
Ag1Ge2Na5S7_237455.cif,2.80012
Ag1Ge2O12P3_425869.cif,4.168307
Ag1H2Na1O4S2_418298.cif,3.243006
Ag1H2O4V1_75941.cif,3.103427
Ag1H4Mo1N1S4_236249.cif,1.972149
Ag1H4N1S4W1_84370.cif,2.431259
Ag1Hf1Rb1Te3_402632.cif,0.744525
Ag1Hg1I1S1_411772.cif,2.157059
Ag1Hg1I1S1_413827.cif,2.291369
Ag1Hg1O4V1_414429.cif,2.638469
Ag1Hg2N1O5_89685.cif,1.844451
Ag1Hg2O4P1_2208.cif,2.229886
Ag1Hg3O6Sb1_170764.cif,1.863856
Ag1I1O3_14100.cif,3.691648
Ag1I1O3_188065.cif,3.214058
Ag1I1O4_52380.cif,1.011294
Ag1I1Se3_414116.cif,2.249578
Ag1I1Te3_414117.cif,1.62115
Ag1I1_164963.cif,2.488344
Ag1I1_1899.cif,2.510047
Ag1I1_28230.cif,2.456006
Ag1I1_43435.cif,0.98908
Ag1I1_56557.cif,1.808148
Ag1I1_61540.cif,1.81418
Ag1I1_62789.cif,2.524868
Ag1I3K2_150289.cif,3.666546
Ag1I3O9Pd1_174519.cif,2.804656
Ag1I3Rb2_150290.cif,3.666182
Ag1In1O2_202429.cif,1.407334
Ag1In1O8W2_60373.cif,2.118964
Ag1In1P2S6_202185.cif,2.088778
Ag1In1P2Se6_71968.cif,1.387156
Ag1In1S2_28750.cif,1.2639
Ag1In1S2_32655.cif,0.877935
Ag1In1S2_51618.cif,1.433709
Ag1In1Se2_28751.cif,0.73799
Ag1In1Te2_104476.cif,0.714707
Ag1In5Se8_35597.cif,1.05973
Ag1In5Te8_151871.cif,0.912684
Ag1K1N2O6_100711.cif,4.197526
Ag1K1O1_24818.cif,2.805628
Ag1K1O1_25744.cif,2.803897
Ag1K1O1_40154.cif,2.809626
Ag1K1O6P2_73813.cif,4.693617
Ag1K1Se1_52586.cif,1.368491
Ag1K2Nb1S4_84292.cif,3.03595
Ag1K2P1_402572.cif,1.845227
Ag1K2S4Sb1_82144.cif,2.074138
Ag1K2S4Ta1_84294.cif,3.379195
Ag1K2S4V1_66840.cif,2.279966
Ag1K2Sb1_1155.cif,1.732413
Ag1K2Se4V1_50461.cif,1.874215
Ag1K3Se8Sn3_416330.cif,1.96219
Ag1La1O1S1_89020.cif,2.473914
Ag1La1O4Ti1_78719.cif,3.057938
Ag1La3S7Si1_409845.cif,2.875283
Ag1La3S7Sn1_417316.cif,2.881473
Ag1La3Se7Si1_418059.cif,2.443941
Ag1La3Se7Si1_83933.cif,2.493373
Ag1La3Se7Sn1_417803.cif,2.04707
Ag1Li2Sb1_52589.cif,0.870991
Ag1Lu1O2_246823.cif,3.50209
Ag1Lu1Se2_605535.cif,2.075284
Ag1Mg1O4V1_239747.cif,3.551923
Ag1Mg1Sb1_187151.cif,0.360095
Ag1Mn1O4P1_420703.cif,3.305978
Ag1Mn1O4V1_193218.cif,3.040452
Ag1Mn1O4_30200.cif,1.069216
Ag1N1O2_23891.cif,3.325447
Ag1N1O3_1685.cif,3.669108
Ag1N1O3_201605.cif,3.645899
Ag1N1O3_35157.cif,3.623656
Ag1N1O3_374.cif,3.468997
Ag1N2Na1O4_200377.cif,4.027926
Ag1N2O6Rb1_100713.cif,4.247861
Ag1N3_183201.cif,2.713634
Ag1N3_27135.cif,2.775649
Ag1Na1O1_40153.cif,2.402114
Ag1Na1O1_49752.cif,2.354542
Ag1Na1O3S2_418297.cif,3.95316
Ag1Na2Sb1_10010.cif,1.108
Ag1Na3O2_24817.cif,2.306442
Ag1Na3S2_201800.cif,3.272071
Ag1Nb1O3_182047.cif,2.936949
Ag1Nb1O3_55643.cif,2.940329
Ag1Nb1O3_55647.cif,2.052807
Ag1Nb1O3_55649.cif,2.606289
Ag1Nb1Rb2S4_50463.cif,3.090945
Ag1Nb1Rb2Se4_402423.cif,2.57987
Ag1Nb3O8_67244.cif,2.848962
Ag1O1Rb1_40155.cif,2.769287
Ag1O1Rb1_49753.cif,2.715988
Ag1O1_202055.cif,0.856
Ag1O1_43741.cif,0.818282
Ag1O2Rh1_261561.cif,2.109262
Ag1O2Sc1_422442.cif,3.533055
Ag1O3P1_15436.cif,3.788802
Ag1O3Sb1_245292.cif,1.585515
Ag1O3Sb1_25541.cif,1.672013
Ag1O3Ta1_40830.cif,3.15123
Ag1O3Ta1_40831.cif,3.163197
Ag1O3Te1_415471.cif,2.654461
Ag1O3V1_50645.cif,2.984402
Ag1O3V1_82079.cif,2.386002
Ag1O4P1Zn1_260974.cif,3.558443
Ag1O4Re1_280086.cif,3.077374
Ag1O4Tc1_281321.cif,2.925856
Ag1O5Se1V1_417773.cif,1.564451
Ag1O5Te1V1_417774.cif,3.214169
Ag1P15_239083.cif,1.774323
Ag1P1Rb2S4_427977.cif,3.297518
Ag1P1S3_30531.cif,2.277826
Ag1P1S4Zn1_48197.cif,3.366781
Ag1P1Sr1_52596.cif,0.844425
Ag1P2S6Sc1_63273.cif,3.090082
Ag1P2Sc1Se6_195336.cif,2.492782
Ag1P2Se6V1_68143.cif,1.161688
Ag1P2_35283.cif,1.378546
Ag1Pb1S3Sb1_24257.cif,1.557504
Ag1Rb1Se4_87463.cif,1.949364
Ag1Rb2S4Sb1_82146.cif,2.45492
Ag1Rb2S4Ta1_84295.cif,3.462573
Ag1Rb2S4V1_66841.cif,2.296546
Ag1Rb2Se4V1_50462.cif,1.753126
Ag1Rb3Se8Sn3_416294.cif,2.013179
Ag1S2Sb1_16578.cif,2.070762
Ag1S2Sb1_56836.cif,2.054733
Ag1S2Sb1_85130.cif,2.060183
Ag1S3Ta1_73804.cif,0.415099
Ag1S3Ta1_74442.cif,0.416126
Ag1Sc1Se2_155115.cif,1.546012
Ag1Sc1Se2_605797.cif,1.678019
Ag1Se2Y1_605836.cif,2.074444
Ag1Te2Y1_154792.cif,1.525024
Ag2Al2Bi2Cl8S3_428725.cif,2.785359
Ag2As1Cs1S3_421091.cif,2.533825
Ag2As1K1O4_409793.cif,1.711205
Ag2As1O6V1_425757.cif,2.385534
Ag2As1S2_192166.cif,1.314572
Ag2Ba1Cu1O8V2_422132.cif,2.851663
Ag2Ba1Ge1S4_10040.cif,1.633857
Ag2Ba1Ge1Se4_411405.cif,0.962017
Ag2Ba1Hg2O4_40835.cif,2.105166
Ag2Ba1Mn1O8V2_408193.cif,3.400922
Ag2Ba1S2_50183.cif,1.939344
Ag2Ba1S4Sn1_41898.cif,1.366827
Ag2Ba1Se4Sn1_170856.cif,0.862569
Ag2Ba1Te2_246048.cif,1.359284
Ag2Bi1Cs1S3_93372.cif,1.683501
Ag2Bi1O3_415959.cif,1.129547
Ag2Bi1O3_415960.cif,1.186643
Ag2Bi2Cl2S3_412076.cif,2.501266
Ag2Br1N1O3_1311.cif,3.176511
Ag2Br6Hg7P8_171256.cif,1.445563
Ag2C1N2_411091.cif,2.184969
Ag2C1O3_281040.cif,1.957255
Ag2C1O3_93988.cif,2.225142
Ag2C2O4_109602.cif,3.823517
Ag2C2O4_109603.cif,3.865693
Ag2C4Cs1Cu1N4_415572.cif,3.606686
Ag2C4Cu1K1N4_415570.cif,3.363005
Ag2C4Cu1N4Rb1_415571.cif,3.600362
Ag2C5Fe1N6O1_427798.cif,2.767057
Ag2Ca1O12V4_161369.cif,2.8726
Ag2Cd1Ge1S4_152753.cif,1.578331
Ag2Cd1Ge1S4_423404.cif,1.824434
Ag2Cd1I4_190587.cif,2.886769
Ag2Cl1N1O3_8013.cif,3.296601
Ag2Cl4Pd1_65239.cif,2.4244
Ag2Cr1O4_16298.cif,2.153293
Ag2Cr2O7_2433.cif,2.263689
Ag2Cs1I3_14202.cif,3.314453
Ag2Cs2S4Ti1_280645.cif,2.204082
Ag2Cs2Te4Zr1_80195.cif,2.062371
Ag2Cs3S8Sb3_55365.cif,1.841762
Ag2Cu1N4O12_413268.cif,2.978371
Ag2Cu2O3_165570.cif,2.049534
Ag2F14Zn1Zr2_422839.cif,0.85725
Ag2F1H2I1O1_32660.cif,2.51476
Ag2F1O3P1_416858.cif,2.777439
Ag2Fe1K1O8V2_194590.cif,2.867273
Ag2Fe1O8Rb1V2_194588.cif,2.907763
Ag2Fe1S4Si1_425760.cif,2.655924
Ag2Ge1In2S6_159759.cif,1.936037
Ag2Ge1In2Se6_88168.cif,1.281025
Ag2Ge1K2S4_170843.cif,2.646125
Ag2Ge1K2Se4_420014.cif,1.880177
Ag2Ge1O3_167332.cif,1.239655
Ag2Ge1O4Zn1_81328.cif,1.825308
Ag2Ge1Pb1S4_180802.cif,2.282968
Ag2Ge1Rb2S4_170844.cif,2.954077
Ag2Ge1S3_41711.cif,1.402822
Ag2H1O4P1_30503.cif,2.874943
Ag2H2Li1O10P3_69560.cif,4.306001
Ag2H3I1O6_155415.cif,2.365721
Ag2H4O6Te1_240968.cif,2.127276
Ag2H6N2O6Pd1S2_280075.cif,3.173364
Ag2Hf1S3_79251.cif,1.975055
Ag2Hg1I2S1_413300.cif,2.213423
Ag2Hg1I4_150343.cif,2.153297
Ag2Hg1I4_30264.cif,1.999088
Ag2Hg1O2_280333.cif,1.309485
Ag2Hg1S2_201713.cif,1.336487
Ag2Hg1Se4Sn1_95094.cif,0.533597
Ag2Hg2O12Te3_171006.cif,1.19755
Ag2Hg7I6P8_171257.cif,1.305034
Ag2I4Zn1_190588.cif,3.174983
Ag2I6O18Ti1_420852.cif,3.640956
Ag2In2S6Si1_159758.cif,1.996988
Ag2In2Se6Si1_154635.cif,1.353568
Ag2K1Nb1Se4_412479.cif,2.146425
Ag2K1P1S4_420033.cif,2.339999
Ag2K1S3Sb1_420015.cif,2.575568
Ag2K1S4Sb1_82143.cif,1.610489
Ag2K1Se4Ta1_412477.cif,2.454055
Ag2K2Se4Sn1_90119.cif,1.645592
Ag2La2O10Ti3_74194.cif,3.104871
Ag2Mn1O8Sr1V2_408052.cif,2.90992
Ag2Mo1O12Te4_420406.cif,2.915628
Ag2Mo1O4_36187.cif,3.490969
Ag2Mo2O7_31027.cif,2.591079
Ag2Mo3O16Te3_420405.cif,3.03254
Ag2Nb4O11_166952.cif,3.42029
Ag2Nb4O11_180731.cif,3.366296
Ag2Nb4O11_180732.cif,3.704959
Ag2Nb4O11_180733.cif,3.703001
Ag2O11Ta4_180734.cif,4.100783
Ag2O11Te4_415473.cif,1.870719
Ag2O11V4_93453.cif,1.585619
Ag2O12Sr1V4_161371.cif,3.045519
Ag2O1_173984.cif,1.121675
Ag2O2Pb1_65998.cif,2.102152
Ag2O2Pd1_51498.cif,1.145458
Ag2O2_202543.cif,0.71624
Ag2O2_69095.cif,0.846208
Ag2O3S1_4433.cif,3.5437
Ag2O3Se1_78388.cif,3.122742
Ag2O3Si1_36589.cif,2.182569
Ag2O3Te1_100694.cif,3.109046
Ag2O3Ti1_84970.cif,2.545708
Ag2O3_59193.cif,1.776609
Ag2O4S1_69096.cif,3.031638
Ag2O4Se1_413089.cif,1.84802
Ag2O4Si1Zn1_81327.cif,2.269231
Ag2O6P1V1_73580.cif,2.678355
Ag2O6Sb2_165169.cif,1.675186
Ag2O6Te2_415472.cif,2.494537
Ag2O6Te2_417354.cif,2.601691
Ag2O7P2Pb1_93967.cif,4.033985
Ag2O7P2Pd1_195299.cif,3.04552
Ag2O7S2_423166.cif,4.323809
Ag2O7Te2_416281.cif,0.28418
Ag2O7W2_31028.cif,2.614495
Ag2Rb1S4Sb1_82145.cif,1.640306
Ag2S1_262632.cif,2.04097
Ag2S1_262634.cif,0.245883
Ag2S1_262636.cif,1.96479
Ag2S1_262637.cif,2.197685
Ag2S1_98454.cif,1.677959
Ag2S3Si1_180764.cif,2.470208
Ag2S3Te1_85135.cif,2.131638
Ag2S4Si1Zn1_183705.cif,2.919359
Ag2S4Sn1Zn1_605734.cif,1.217172
Ag2Se1_261822.cif,0.180829
Ag2Se1_43242.cif,0.08121
Ag3As1O4_76969.cif,1.065766
Ag3As1S3_27841.cif,1.953895
Ag3As1S3_36352.cif,2.530117
Ag3As1S4_86227.cif,1.327752
Ag3As1Se3_2426.cif,1.433044
Ag3As2K3_32016.cif,1.815479
Ag3Au1Se2_15734.cif,0.892246
Ag3Au1Te2_15733.cif,0.629559
Ag3B1O3_32721.cif,2.194885
Ag3Br1S1_174097.cif,1.005146
Ag3C1N3O6S1_23513.cif,3.528516
Ag3C6Cd1N6Rb1_75503.cif,3.94695
Ag3C6Fe1N6_173552.cif,2.263035
Ag3C6K1Mn1N6_262503.cif,3.439095
Ag3C6K2N6Na1_59723.cif,3.829615
Ag3C6K2N6Na1_65699.cif,3.900177
Ag3Cl1Cr1O4_409541.cif,2.181977
Ag3Co2O6Sb1_174288.cif,1.48577
Ag3Cs1S2_1033.cif,1.376494
Ag3Cs1Se2_52558.cif,1.024015
Ag3Cu1S2_163982.cif,1.02206
Ag3Cu1S2_163983.cif,1.946705
Ag3F14Hf2_65178.cif,0.84505
Ag3F6Na3O6W2_262534.cif,3.915562
Ag3F8_90070.cif,2.302602
Ag3Fe1O8V2_166890.cif,2.487261
Ag3Ge3P6Sn2_52575.cif,0.488279
Ag3Ge5P6_70055.cif,0.914799
Ag3I1S1_159858.cif,1.518288
Ag3I1S1_201004.cif,1.669996
Ag3In1O8P2_245001.cif,2.877482
Ag3In2O12P3_245002.cif,2.686521
Ag3K1S2_73581.cif,2.277804
Ag3K1Se2_402643.cif,0.756635
Ag3K1Te2_402230.cif,0.886081
Ag3K3Nb2S8_412478.cif,2.837173
Ag3K3S8Ta2_412476.cif,3.194718
Ag3K3Se8Ta2_414270.cif,2.669727
Ag3Li1O2_4204.cif,1.841594
Ag3N1O3S1_25523.cif,2.461094
Ag3N1O3Se1_108857.cif,1.719867
Ag3N5O6_408802.cif,3.565115
Ag3Na1O2_9627.cif,1.799447
Ag3Na1S2_73198.cif,1.897288
Ag3O4P1_14000.cif,1.743059
Ag3O4Sb1_417675.cif,0.966061
Ag3O4V1_417470.cif,2.089914
Ag3O4V1_424347.cif,2.109137
Ag3P11_26563.cif,1.425984
Ag3P1S4_416585.cif,2.205975
Ag3P1Se4_97760.cif,1.31248
Ag3P2S8Y1_417658.cif,2.985139
Ag3P6Si3Sn2_52595.cif,0.460209
Ag3P7Sn1_411041.cif,1.085343
Ag3Rb1S2_1034.cif,1.213491
Ag3Rb1Se2_90795.cif,0.841507
Ag3Rb1Te2_90872.cif,0.953419
Ag3S3Sb1_181518.cif,1.716923
Ag3S3Sb1_33714.cif,2.233299
Ag4Cd1Ge2S7_95121.cif,1.645217
Ag4Ge1O4_78803.cif,1.007319
Ag4Ge2Hg1S7_95120.cif,1.404802
Ag4I1O4P1_245791.cif,1.837878
Ag4K2S3_863.cif,0.90703
Ag4K2Se3_54102.cif,0.685071
Ag4Mn1S6Sb2_156764.cif,2.143973
Ag4N2O2S1_23111.cif,1.981923
Ag4O4S1Te1_421880.cif,1.672023
Ag4O4Si1_418314.cif,1.806865
Ag4O5Te1_417353.cif,0.805699
Ag4P2S7_949.cif,2.794486
Ag4Rb2S3_409727.cif,0.954294
Ag5As3Cu1O11_67951.cif,1.923583
Ag5Ba2La1S6_67894.cif,2.328891
Ag5Ba2S6Y1_659302.cif,2.316321
Ag5Bi1O4_73123.cif,2.390619
Ag5Cl2P1S4_416587.cif,2.535568
Ag5Cl5Hg4P8_416360.cif,2.033874
Ag5Cs1Se3_90871.cif,0.53034
Ag5Cs1Te3_79215.cif,0.56511
Ag5Ge1O4_71897.cif,1.671092
Ag5Hg1O6Sb1_421241.cif,0.572211
Ag5I1O6_415893.cif,1.033536
Ag5O4P1Se1_420342.cif,1.367863
Ag5O4P1Te1_420343.cif,1.377387
Ag5O4Si1_165377.cif,1.451024
Ag5S4Sb1_16987.cif,1.596481
Ag6Cl1F3Mo2O7_413082.cif,3.122621
Ag6Cr1O8Si1_420804.cif,0.737362
Ag6Ge1O8S1_300179.cif,0.698811
Ag6O2_26557.cif,0.107254
Ag6O7Si2_1299.cif,1.332624
Ag6O8S1Si1_6225.cif,1.03198
Ag7F31Zr6_92446.cif,4.836982
Ag7S6Ta1_83284.cif,1.687763
Ag8Ge1Se6_10432.cif,0.671721
Ag8Se6Sn1_95093.cif,0.757444
Ag9Ge2I1O8_380303.cif,0.554334
Al0.cif,0.554334
Al12Ba20F76_261426.cif,9.118025
Al1As1Cu1O5_91551.cif,4.159026
Al1As1_185081.cif,2.153336
Al1As1_606009.cif,2.153546
Al1As2K2Na1_73280.cif,1.773953
Al1As2Li3Mo2O14_260199.cif,4.00795
Al1As2Na3_63149.cif,1.593173
Al1As3Ba3_430167.cif,1.248015
Al1As3Ca3_32727.cif,1.311858
Al1As3Cl4S5_415503.cif,3.248365
Al1As3Sr3_430165.cif,1.590066
Al1As4Ca3Na3_402309.cif,1.552175
Al1B14Li1_35336.cif,1.928283
Al1B1Ba1F2O3_291434.cif,7.924356
Al1B1Ba1F2O3_421141.cif,7.612058
Al1Ba2In1O5_33805.cif,3.35289
Al1Ba3P3_430169.cif,1.308714
Al1Ba3Sb3_32728.cif,0.983476
Al1Be1La3S7_606164.cif,3.035312
Al1Bi1Br6_414262.cif,3.565078
Al1Bi1Cl4S1_414154.cif,3.758032
Al1Bi1Cl4Se1_414155.cif,3.431199
Al1Bi1Cl4Te1_411714.cif,2.865216
Al1Bi1O3_171708.cif,3.959969
Al1Bi2Br1Cl4Se2_251017.cif,1.893011
Al1Bi2Br1Cl4Te2_174525.cif,1.516246
Al1Br1Cl4Sb2Te2_174524.cif,1.133175
Al1Br1H6O4_424555.cif,6.234452
Al1Br3N1S1_38378.cif,2.706231
Al1Br3N1Se1_82802.cif,2.645221
Al1Br3_39768.cif,5.270942
Al1Br4Cu1_165608.cif,3.820556
Al1Br7Se1_401396.cif,3.155131
Al1Br8Nb1_430984.cif,2.508346
Al1C1O1Sc1_419683.cif,1.229167
Al1C1O1Sc1_426425.cif,2.221806
Al1C3Cl2H8N1_380173.cif,6.598181
Al1Ca1Li1N2_424911.cif,4.019538
Al1Ca2Cl1F2H8O12S2_80437.cif,7.135643
Al1Ca2F7H2O1_182268.cif,8.893558
Al1Ca3N3_410579.cif,3.558871
Al1Ca3Na3Sb4_291242.cif,1.002877
Al1Ca3Sb3_36363.cif,0.794598
Al1Cd1Cl4_59173.cif,3.382704
Al1Cd1La3S7_606339.cif,3.42489
Al1Ce1O3_245267.cif,3.42489
Al1Ce1O3_245563.cif,3.658954
Al1Cl1H6O4_425880.cif,6.964871
Al1Cl3_39566.cif,6.728762
Al1Cl4Cu1_165607.cif,4.527765
Al1Cl4Cu1_35050.cif,4.380047
Al1Cl4N1S2_27210.cif,3.119265
Al1Cl4N2S2_32669.cif,2.212489
Al1Cl4Sb2Se2_428755.cif,1.71287
Al1Cl4Sb5Se5_422619.cif,1.832722
Al1Cl6I1_26510.cif,3.452698
Al1Cl6I3_26403.cif,2.690537
Al1Cl6N1S2_14181.cif,2.883206
Al1Cl7S1_35685.cif,3.989362
Al1Cl7Se1_9064.cif,2.987178
Al1Cl8Nb1_62029.cif,3.208821
Al1Cr1La3S7_606794.cif,0.858326
Al1Cs1Cu1F6_240292.cif,4.479097
Al1Cs1F4H4O2_33821.cif,8.472137
Al1Cs1F6Pd1_80909.cif,3.669237
Al1Cs1H8N4_2537.cif,4.57866
Al1Cs1Te3_300180.cif,2.067242
Al1Cs2F6Na1_41801.cif,8.961626
Al1Cs3Te3_300181.cif,2.921594
Al1Cs6K3Sb4_300152.cif,1.25775
Al1Cs6Sb3_300128.cif,1.044227
Al1Cu1F6K1_59003.cif,4.563502
Al1Cu1O2_25593.cif,3.355023
Al1Cu1O2_31368.cif,3.423551
Al1Cu1O2_95661.cif,3.502186
Al1Cu1S2_189083.cif,3.038984
Al1Cu1Se2_28734.cif,2.083205
Al1Cu1Te2_28735.cif,1.880804
Al1F3_130021.cif,9.697908
Al1F3_202681.cif,9.874797
Al1F3_29131.cif,9.7954
Al1F3_30274.cif,10.022585
Al1F3_36034.cif,10.05277
Al1F3_72174.cif,9.688452
Al1F3_79816.cif,9.75373
Al1F5Mn1_73812.cif,6.107873
Al1F5Mn1_9912.cif,6.13301
Al1F6K2Li1_37250.cif,9.646736
Al1F6K2Li1_408553.cif,9.644356
Al1F6K2Na1_164216.cif,9.111691
Al1F6K2Na1_34201.cif,9.147908
Al1F6Li1Pd1_73132.cif,3.994774
Al1F6Pd1Rb1_78749.cif,3.584157
Al1F7Mg1Na2_100408.cif,8.969127
Al1F7Mg1Na2_33509.cif,8.967614
Al1F7Mg1Na2_33511.cif,8.97024
Al1F7Mg1Na2_33513.cif,8.971329
Al1F9H2O1Pb3_180335.cif,6.092047
Al1Fe1O3_203202.cif,3.615348
Al1Fe1S7Y3_607623.cif,3.137348
Al1Fe2V1_107814.cif,1.220553
Al1Ge1Li1_152087.cif,0.464919
Al1H1Li1O7Si2_252299.cif,5.371637
Al1H1O5S1_193553.cif,7.727687
Al1H3Sr1_291483.cif,0.364076
Al1H3_15225.cif,3.579317
Al1H4Li1_22247.cif,5.572689
Al1H6I1O4_424556.cif,5.464676
Al1H6K2Li1_245317.cif,3.612717
Al1H6La1_247037.cif,3.358769
Al1H6Na3_154909.cif,3.987738
Al1H8K1N4_2538.cif,4.540174
Al1I3_391247.cif,4.197041
Al1I6Sb1_38253.cif,2.916677
Al1I7Te1_401395.cif,2.587967
Al1I8P1_35403.cif,2.253915
Al1In1Se3_608233.cif,1.119626
Al1K1O2_151883.cif,5.255521
Al1K1O2_262975.cif,4.486168
Al1K1Sb4_300157.cif,0.858518
Al1K1Te2_44703.cif,2.483835
Al1K2Li1P2_77275.cif,2.684185
Al1K2Na1P2_73279.cif,2.329582
Al1K3O3_166540.cif,4.239724
Al1K3Se3_300172.cif,3.340181
Al1K3Te3_300168.cif,2.901607
Al1K6Na3Sb4_401209.cif,1.28874
Al1La3Mg1S7_608298.cif,3.415463
Al1La3Mn1S7_608303.cif,3.014137
Al1La3Ni1S7_608317.cif,2.536749
Al1La3S7V1_608323.cif,2.459211
Al1La3S7Zn1_608324.cif,3.461313
Al1Li1Na2P2_402083.cif,2.580638
Al1Li1P2S6_425979.cif,3.742507
Al1Li1Si1_152086.cif,0.519258
Al1Li1Te2_280226.cif,3.130783
Al1Li3N2_25565.cif,4.147426
Al1Mn1S7Y3_608513.cif,3.042578
Al1Mo1O7V1_280775.cif,3.35424
Al1N1_105522.cif,5.959914
Al1N1_163950.cif,4.707983
Al1N1_163951.cif,4.691554
Al1N1_183638.cif,5.578156
Al1N1_190408.cif,4.553951
Al1Na1P2S6_425980.cif,3.720741
Al1Na1P3Sr2_409319.cif,0.964721
Al1Na1Se2_300173.cif,3.28378
Al1Na1Se2_44704.cif,3.174374
Al1Na1Te2_44701.cif,1.93803
Al1Na3P2_402081.cif,2.211055
Al1Na3S3_608642.cif,4.251224
Al1Na3Se3_300166.cif,3.413674
Al1Na3Te3_300163.cif,2.852662
Al1Nb1Ru2_105524.cif,0.226081
Al1Ni1S7Y3_608836.cif,2.811042
Al1O1_28920.cif,-0.054436
Al1O3Rb3_74969.cif,4.017992
Al1O4P1_159273.cif,4.895862
Al1O4P1_162670.cif,0.862471
Al1O4P1_66996.cif,0.582433
Al1O4W1_4164.cif,2.290613
Al1P1S4_15910.cif,3.744152
Al1P1S4_428184.cif,4.024227
Al1P1S4_428185.cif,3.79419
Al1P1_190409.cif,2.326595
Al1P1_190421.cif,2.689678
Al1P1_24490.cif,2.327076
Al1P3Si1_10032.cif,0.86194
Al1Rb6Sb3_300217.cif,0.772776
Al1Sb1_44325.cif,1.875019
Al1Sb3Sr3_52652.cif,1.066248
Al1Si1Te3_75001.cif,1.83382
Al2As3K3_60950.cif,1.95697
Al2As4Ba3_423779.cif,1.711642
Al2As4Ca3_60161.cif,1.712632
Al2As4Sr3_423787.cif,1.788977
Al2B2O7Sr1_89423.cif,6.330873
Al2Ba1Ge2_98514.cif,0.032765
Al2Ba1Te4_41165.cif,2.182369
Al2Ba3N4_410578.cif,2.529198
Al2Ba3P4_423778.cif,1.97345
Al2Bi1S4_408439.cif,3.35298
Al2Bi1Se4_408440.cif,3.018357
Al2Bi2Cl8Cu2S3_428727.cif,2.400109
Al2Br8Ti1_39243.cif,2.869409
Al2C2Mg1_85739.cif,2.520752
Al2C4Cl7O4Rh1_412960.cif,3.470158
Al2Ca1H4O10Si2_159736.cif,7.005287
Al2Ca2O9Sn2_260890.cif,4.555531
Al2Ca3Ge3_31982.cif,0.054684
Al2Ca3N4_280347.cif,3.379163
Al2Ca3N4_280349.cif,3.774883
Al2Ca3P4_423780.cif,1.9251
Al2Ca5Sb6_60146.cif,0.598217
Al2Cd1S4_25634.cif,3.857439
Al2Cd1S4_43025.cif,3.531374
Al2Cd1Se4_25637.cif,2.953237
Al2Cd1Se4_606347.cif,2.196484
Al2Cd1Te4_25640.cif,2.336457
Al2Cl8Co1_22143.cif,4.240625
Al2Cl8Cu1_54066.cif,2.760656
Al2Cl8Ni1_417872.cif,4.14391
Al2Cl8Pd1_15595.cif,3.244535
Al2Cl8Ti1_39565.cif,2.900937
Al2Cl8V1_415951.cif,4.408342
Al2F1K4Nb11O20_65738.cif,1.134931
Al2Fe1S4_607619.cif,1.875384
Al2Fe3Si3_422342.cif,1.011507
Al2H1Li2O14Si4_252298.cif,3.298499
Al2H4O9Si2_63192.cif,6.847053
Al2H4O9Si2_63315.cif,6.843156
Al2Hg1S4_25635.cif,3.130477
Al2Hg1S4_608160.cif,2.334487
Al2Hg1Se4_25638.cif,2.291032
Al2Hg1Se4_608163.cif,1.232597
Al2Hg1Te4_25641.cif,1.746256
Al2Mg1S4_107308.cif,3.073314
Al2Mg1S4_608441.cif,3.062862
Al2Mg1Se4_41926.cif,1.983487
Al2Mg1Se4_83363.cif,1.975335
Al2Mg2Se5_41928.cif,2.029586
Al2Mn1O4_252228.cif,4.486042
Al2Mn1S4_608509.cif,3.148453
Al2Mn1Te4_608538.cif,1.632262
Al2N4Sr3_74824.cif,2.98568
Al2Na7Sb5_48168.cif,0.731206
Al2O3_10425.cif,7.731107
Al2O3_151590.cif,7.164394
Al2O3_173014.cif,6.710443
Al2O3_247304.cif,6.677213
Al2O3_291495.cif,0.715098
Al2O3_82504.cif,6.283692
Al2O5Ti1_24133.cif,4.320189
Al2Os1_58108.cif,0.9806
Al2P3S9_428186.cif,3.313121
Al2P4Sr3_409134.cif,1.964889
Al2Pb1S4_609026.cif,3.520647
Al2Ru1_609234.cif,0.432674
Al2S3_609250.cif,3.379776
Al2S3_609251.cif,2.612279
Al2S4Zn1_15377.cif,3.395271
Al2S4Zn1_609280.cif,0.87301
Al2Se3_14373.cif,2.77101
Al2Se4Sr1_49732.cif,4.004557
Al2Se4Zn1_25636.cif,3.183437
Al2Se4Zn1_609325.cif,2.481795
Al2Te3_406353.cif,2.517248
Al2Te4Zn1_25639.cif,2.371072
Al2Te5_78941.cif,1.571439
Al3Bi5Br12_417776.cif,2.207224
Al3Bi5Cl12_201993.cif,2.393165
Al3C2O5Sc3_420953.cif,1.271108
Al3C3Sc1_43477.cif,0.761048
Al3C3Sc1_62308.cif,0.734639
Al3C3Y1_606289.cif,0.619449
Al3H3O10Si2_61331.cif,7.398759
Al3H3O10Si2_82500.cif,7.408268
Al3I1Te3_66030.cif,2.693465
Al3Li1N4Sr1_427067.cif,4.090283
Al3Mo1_105517.cif,0.090643
Al4Ba1Se7_181985.cif,3.379133
Al4Bi2O9_26807.cif,3.810564
Al4C3_14397.cif,2.1611
Al4C3_654940.cif,2.157612
Al4C4Si1_603569.cif,0.034969
Al5C3N1_14398.cif,1.620881
Al5Na1O12Ti2_15346.cif,4.086174
Al6C3N2_14399.cif,0.153668
Al6C3N2_41260.cif,0.352107
Al6Cd4O12S1_78368.cif,4.30166
Al6Cd4O12Te1_86155.cif,3.833607
Al6Ge5_193394.cif,0.879298
Al6O12Sr4Te1_82609.cif,3.813551
Al7Te10_62659.cif,2.059806
Al8Mo3_58001.cif,0.140491
Ar_24788.cif,10.280692
Ar_77918.cif,10.280159
As12Sn3Sr14_195752.cif,1.423423
As14Ba3_1404.cif,1.685786
As1Au1K2S4_85681.cif,1.621139
As1Au1Na2_23254.cif,0.757571
As1Au1O4_195289.cif,3.46267
As1B1Ba3O3_402682.cif,2.255554
As1B1_43871.cif,1.859541
As1B6_107916.cif,3.469607
As1Ba1Cd1F1_189938.cif,1.671993
As1Ba1Cu1_41705.cif,0.191836
As1Ba1F1Mn1_248365.cif,1.939072
As1Ba1F1Zn1_189936.cif,0.961527
As1Ba1K1Se3_427690.cif,2.321607
As1Ba1Li1_56445.cif,1.194283
As1Ba1O6V1_83629.cif,3.898394
As1Ba2Ga1Se5_196139.cif,2.503165
As1Be1Li1_100004.cif,1.599482
As1Be1Na1_100091.cif,1.99477
As1Bi1Cd2O6_154151.cif,3.425508
As1Bi1Co1O5_428633.cif,3.689544
As1Bi1Cu2O6_88111.cif,3.006038
As1Bi1Mn1O5_59721.cif,3.471094
As1Bi1O4_30636.cif,4.071243
As1Bi1O5Pb1_419124.cif,3.592789
As1Br1Cd1Hg1_240354.cif,1.725218
As1Br1Hg3O4_411758.cif,2.883472
As1Br1Hg3S4_280330.cif,2.337379
As1Br1Hg3Se4_280331.cif,2.017197
As1Br3Ca3_426.cif,2.579042
As1Br3F6_33811.cif,2.939668
As1Br3_24579.cif,2.118892
As1Br5F6_69057.cif,2.68916
As1C2Cs1H6Se2_171201.cif,3.278315
As1C3H6N1_170721.cif,5.471742
As1Ca1Co1H1O5_240725.cif,3.664036
As1Ca1Cu1H1O5_260059.cif,3.956969
As1Ca1Cu1_49741.cif,0.752525
As1Ca1H1Ni1O5_202422.cif,4.024344
As1Ca1H1O5Zn1_63285.cif,4.39081
As1Ca1Li1_428102.cif,1.794169
As1Ca1Rb1_409177.cif,1.965608
As1Ca1_43875.cif,0.327781
As1Ca2I1_166534.cif,2.287013
As1Ca2_166865.cif,0.470716
As1Ca3Cl3_36002.cif,2.808254
As1Ca3N1_56968.cif,1.486791
As1Ca3N1_657354.cif,1.653944
As1Cd1K1_609963.cif,0.735105
As1Cd1Na1S3_183394.cif,2.839843
As1Cd1Na1_609968.cif,0.104953
As1Cd1_432.cif,0.800084
As1Cd2Cl2_26013.cif,1.84637
As1Cd2F1O4_202983.cif,3.39319
As1Cd3Cl3_23306.cif,2.354521
As1Cl13Nb1P1_25110.cif,3.217653
As1Cl13P1Sb1_25109.cif,2.971939
As1Cl13P1Ta1_25111.cif,3.832888
As1Cl1Co2O4_902.cif,4.159088
As1Cl1Cu2O4_901.cif,3.02921
As1Cl1Hg3O4_411757.cif,3.153991
As1Cl1Hg3S4_280329.cif,2.219078
As1Cl2F3_25026.cif,4.752707
As1Cl2Hg2_39930.cif,2.089296
As1Cl3O1_411196.cif,3.869446
As1Cl3_280796.cif,4.887025
As1Cl5_412103.cif,2.661599
As1Co1H1O5Sr1_252667.cif,3.781594
As1Co1Li1O4_155305.cif,3.67756
As1Co1S1_31189.cif,1.673282
As1Co1S1_53938.cif,1.672478
As1Co1Se1_41731.cif,1.016387
As1Cr1O4_165283.cif,3.833303
As1Cr1O4_62132.cif,3.733113
As1Cs1Se2_171373.cif,2.068337
As1Cs1Se2_65299.cif,2.037158
As1Cs1_412595.cif,1.291991
As1Cs2Te3_405235.cif,0.605509
As1Cs3Ge1Se5_415214.cif,2.637075
As1Cs3Nb2Se11_413599.cif,1.862228
As1Cs3Se4_404082.cif,2.274952
As1Cs3_409668.cif,0.34036
As1Cu1F7_413972.cif,4.765879
As1Cu1H1O5Zn1_160894.cif,3.94624
As1Cu1K2_43936.cif,1.746809
As1Cu1Mn1_72413.cif,0.45847
As1Cu1Na2_43937.cif,1.289488
As1Cu1O4Pb1_61677.cif,3.113925
As1Cu1Pb1S3_14304.cif,1.714117
As1Cu1S1_23826.cif,0.577974
As1Cu1S1_240925.cif,0.578579
As1Cu1Se2_42884.cif,0.575769
As1Cu1Sr1_107943.cif,0.758366
As1Cu2K1S3_75429.cif,2.159953
As1Cu3S4_14285.cif,0.956178
As1Cu3Se4_610361.cif,0.0496
As1Cu4K1S4_420017.cif,2.330067
As1F11H1N1S1Xe1_249654.cif,4.195956
As1F12I1_249129.cif,2.738961
As1F12Li1Xe3_237658.cif,4.416602
As1F1Mn1Sr1_189940.cif,1.898316
As1F1Sr1Zn1_189934.cif,1.467041
As1F3_35132.cif,6.769411
As1F5N4S4_14083.cif,2.455939
As1F5_65477.cif,7.001308
As1F6H3O1_61236.cif,7.305293
As1F6I1Se6_35351.cif,2.266305
As1F6I3_15527.cif,2.38596
As1F6I5_59115.cif,2.285688
As1F6N1O2_68906.cif,5.231202
As1F6N1S2_62120.cif,3.167052
As1F7Hg1_429283.cif,4.239086
As1F7Kr1_279624.cif,4.679532
As1Fe1Li1O4_245182.cif,2.490073
As1Fe1O4_170673.cif,3.063724
As1Fe1O4_62717.cif,3.959217
As1Fe1Te1_610529.cif,1.556879
As1Ga1O4_33257.cif,4.840491
As1Ga1_41981.cif,0.954898
As1Ga1_610533.cif,0.952523
As1Ge1Se1_100828.cif,2.235262
As1Ge1_86361.cif,0.648635
As1H1Hg1O5Zn1_281591.cif,2.981224
As1H1Mn2O5_262122.cif,2.758778
As1H1O4Pb1_29552.cif,4.302123
As1H1O5Sr1Zn1_252668.cif,4.549884
As1H1O5Te1_425500.cif,4.436191
As1H1O5Te1_425501.cif,4.597122
As1H1O5Zn2_34868.cif,3.897368
As1H2In1O5_170760.cif,3.797713
As1H2Mn1O5_71164.cif,3.05986
As1H4Na1O6Zn1_407316.cif,5.038712
As1Hg1O3_411230.cif,2.601395
As1Hg3I1Se4_280332.cif,2.043278
As1Hg3O5_427418.cif,2.381764
As1Hg3S3Sb1_159088.cif,2.083132
As1Hg4I5_416238.cif,1.751848
As1I1Se1_200799.cif,1.753549
As1I3S24_412399.cif,3.009336
As1I3_23003.cif,2.839706
As1I3_56568.cif,2.822752
As1In1_610687.cif,0.095286
As1K1Li2_78938.cif,1.350096
As1K1Mg1_610753.cif,1.78812
As1K1Mo1O6_203218.cif,3.802726
As1K1Ni1O4_63544.cif,4.188802
As1K1O2_413149.cif,5.111795
As1K1O3_194470.cif,4.936528
As1K1O3_194476.cif,4.805093
As1K1O5Sn1_80976.cif,3.822359
As1K1S5Sn1_281038.cif,2.513686
As1K1Se2_65297.cif,2.281769
As1K1Se2_68638.cif,2.247087
As1K1Sn1_40815.cif,0.698388
As1K1Zn1_10459.cif,1.165429
